payment_id,order_id,amount,method,status,reference,created_at
1,1,1666.26,COD,FAILED,PAY20250827-8IY2X6,05/02/24 6:27
2,2,1325.74,WALLET,SUCCESS,PAY20250827-QMHM4W,16/05/25 19:27
3,3,727.28,UPI,SUCCESS,PAY20250827-N6OLFG,25/09/23 22:49
4,4,2016.53,CARD,SUCCESS,PAY20250827-DIUX0Y,05/09/23 14:55
5,5,1156.17,WALLET,SUCCESS,PAY20250827-P8NXWN,09/03/24 6:37
6,6,375.15,WALLET,SUCCESS,PAY20250827-1600BL,28/01/22 22:55
7,7,1693.12,WALLET,SUCCESS,PAY20250827-WI1ATO,26/02/23 16:39
8,8,1215.45,COD,SUCCESS,PAY20250827-32MFS5,20/09/24 8:01
9,9,646.3,WALLET,SUCCESS,PAY20250827-8GL7HL,23/09/22 3:33
10,10,619.82,COD,PENDING,PAY20250827-W2LF1Q,22/08/23 21:25
11,11,1307.59,WALLET,SUCCESS,PAY20250827-4EQATZ,07/11/24 18:07
12,12,2140.33,CARD,SUCCESS,PAY20250827-8WY1O7,19/04/22 13:14
13,13,753.79,CARD,FAILED,PAY20250827-HY7CAU,28/06/23 6:41
14,14,2091.51,CARD,SUCCESS,PAY20250827-S6603X,16/06/24 15:17
15,15,2594.72,WALLET,SUCCESS,PAY20250827-Y92MZC,11/01/25 2:30
16,16,661.99,UPI,SUCCESS,PAY20250827-B3DIWM,04/08/22 13:35
17,17,1053.46,WALLET,FAILED,PAY20250827-PCW0VO,14/03/23 15:08
18,18,631.63,WALLET,SUCCESS,PAY20250827-XJXUP8,03/07/24 14:50
19,19,701.05,UPI,SUCCESS,PAY20250827-PHZHJU,23/06/22 19:38
20,20,1902.8,WALLET,FAILED,PAY20250827-UWULMD,07/03/25 10:52
21,21,163.74,WALLET,SUCCESS,PAY20250827-DF1Q96,30/09/22 3:20
22,22,1850.23,CARD,SUCCESS,PAY20250827-Z89P0N,31/03/24 16:55
23,23,592.34,UPI,SUCCESS,PAY20250827-QB6TCL,27/07/22 21:51
24,24,319.93,WALLET,FAILED,PAY20250827-NDVEHQ,23/01/24 16:49
25,25,1560.92,COD,SUCCESS,PAY20250827-GX59ZQ,15/09/24 14:23
26,26,585.86,CARD,SUCCESS,PAY20250827-W0BD92,19/07/24 15:02
27,27,2083.94,COD,FAILED,PAY20250827-1D9ZG3,08/12/22 2:59
28,28,2085.48,UPI,SUCCESS,PAY20250827-SWV2CB,14/08/24 18:45
29,29,1401.63,CARD,SUCCESS,PAY20250827-Y9WDSY,03/03/25 7:31
30,30,524.63,WALLET,SUCCESS,PAY20250827-1ACEYV,16/04/23 6:37
31,31,331.64,UPI,SUCCESS,PAY20250827-YE62BW,11/06/24 11:31
32,32,369.61,CARD,SUCCESS,PAY20250827-9X7149,26/06/23 8:49
33,33,627.06,UPI,SUCCESS,PAY20250827-TD3LWN,02/02/22 12:27
34,34,1655.33,CARD,SUCCESS,PAY20250827-H15ZPE,08/09/22 6:51
35,35,692.09,UPI,PENDING,PAY20250827-YHJ8XV,18/03/23 16:03
36,36,1788.88,UPI,SUCCESS,PAY20250827-CCU0XS,18/04/22 20:12
37,37,1316.38,CARD,SUCCESS,PAY20250827-Q0D7M3,01/12/23 2:20
38,38,1048.93,CARD,SUCCESS,PAY20250827-CD2XLJ,18/12/22 11:27
39,39,454.23,UPI,SUCCESS,PAY20250827-J77MTG,19/05/22 4:18
40,40,279.9,WALLET,SUCCESS,PAY20250827-17BX51,30/07/23 13:03
41,41,1077.34,COD,SUCCESS,PAY20250827-RDTROR,20/03/22 13:54
42,42,931.94,COD,SUCCESS,PAY20250827-Q7TCI0,24/10/23 12:21
43,43,1619.89,WALLET,SUCCESS,PAY20250827-HCJ7Q0,08/08/23 10:32
44,44,373.35,COD,PENDING,PAY20250827-RGAXSA,26/10/24 20:14
45,45,979.95,CARD,SUCCESS,PAY20250827-XF2804,03/12/24 2:14
46,46,1878.19,WALLET,SUCCESS,PAY20250827-PFG0U7,10/10/22 7:31
47,47,1792.51,COD,SUCCESS,PAY20250827-H9QI8L,29/12/22 2:51
48,48,277.79,WALLET,SUCCESS,PAY20250827-VRTNJU,09/09/22 18:49
49,49,314.03,COD,SUCCESS,PAY20250827-GVQO5X,30/07/22 3:24
50,50,287.99,UPI,SUCCESS,PAY20250827-6C1GEC,22/02/23 18:49
51,51,1425.74,WALLET,SUCCESS,PAY20250827-UGYJIN,19/10/24 8:51
52,52,1034.69,CARD,SUCCESS,PAY20250827-QL89D8,27/08/24 18:03
53,53,1225.47,CARD,SUCCESS,PAY20250827-9X5ES5,28/12/22 4:25
54,54,1860.3,CARD,SUCCESS,PAY20250827-OEWKTH,15/06/24 6:43
55,55,338.37,UPI,SUCCESS,PAY20250827-HAT0JC,04/10/24 18:10
56,56,428.28,UPI,FAILED,PAY20250827-78FMSL,29/09/22 3:23
57,57,815.06,WALLET,SUCCESS,PAY20250827-DWZJ20,07/03/25 5:49
58,58,1282.7,WALLET,SUCCESS,PAY20250827-22DVGZ,04/06/25 18:55
59,59,1568.57,CARD,SUCCESS,PAY20250827-DWIJPT,26/12/22 5:46
60,60,1082.62,WALLET,SUCCESS,PAY20250827-ECQMZY,25/11/22 12:20
61,61,1077.54,WALLET,SUCCESS,PAY20250827-BSF75Q,08/09/23 23:23
62,62,537.19,COD,SUCCESS,PAY20250827-PC2SQ4,02/04/24 4:41
63,63,1092.59,WALLET,SUCCESS,PAY20250827-E47UCY,01/08/23 8:53
64,64,455.36,CARD,SUCCESS,PAY20250827-TZL3VO,13/08/22 23:44
65,65,1577.89,COD,SUCCESS,PAY20250827-IG31OH,11/07/22 12:14
66,66,1648.98,CARD,SUCCESS,PAY20250827-9WL04Y,02/02/24 19:52
67,67,967.86,WALLET,SUCCESS,PAY20250827-3JNNMN,12/06/24 1:35
68,68,424.26,WALLET,FAILED,PAY20250827-JXN4ET,30/05/24 18:28
69,69,1125.55,UPI,FAILED,PAY20250827-2498QQ,08/11/24 4:21
70,70,1567.11,WALLET,SUCCESS,PAY20250827-56ANWR,24/07/25 19:06
71,71,1861.96,COD,SUCCESS,PAY20250827-LM40M6,21/09/24 8:02
72,72,1688.5,WALLET,SUCCESS,PAY20250827-T7X5XU,16/03/24 12:38
73,73,2091.51,CARD,SUCCESS,PAY20250827-N70FWC,24/05/22 10:44
74,74,312.69,COD,SUCCESS,PAY20250827-9U2G6T,03/02/24 4:23
75,75,1587.96,COD,FAILED,PAY20250827-7UFW2P,16/07/23 21:56
76,76,668.29,COD,SUCCESS,PAY20250827-B126F2,04/12/24 2:44
77,77,342.66,CARD,SUCCESS,PAY20250827-J47B7P,10/11/22 19:02
78,78,1972.65,CARD,SUCCESS,PAY20250827-5MPLWQ,24/09/22 13:41
79,79,2014.17,COD,SUCCESS,PAY20250827-VFGCZ8,11/10/23 18:52
80,80,968.99,UPI,PENDING,PAY20250827-B2RSZY,08/12/24 23:26
81,81,213.15,WALLET,SUCCESS,PAY20250827-YOLUH2,20/08/24 18:10
82,82,1132.95,UPI,SUCCESS,PAY20250827-MT7XRL,28/05/25 12:48
83,83,1203.06,COD,SUCCESS,PAY20250827-AGC3FI,26/08/23 6:48
84,84,742.07,COD,FAILED,PAY20250827-4ND51V,05/05/24 18:59
85,85,569.04,WALLET,SUCCESS,PAY20250827-ZWEFGV,01/03/22 4:42
86,86,1213.5,CARD,PENDING,PAY20250827-RAY6F6,15/07/23 6:06
87,87,315.43,UPI,SUCCESS,PAY20250827-2T5APA,30/06/23 7:10
88,88,1868.56,UPI,SUCCESS,PAY20250827-S7Z74N,06/05/25 18:09
89,89,1247.8,UPI,FAILED,PAY20250827-9YL1JV,03/06/23 11:31
90,90,1029.24,COD,PENDING,PAY20250827-1U6VP7,10/06/24 1:48
91,91,498.06,UPI,FAILED,PAY20250827-VP53CQ,03/07/24 22:29
92,92,1362.91,WALLET,SUCCESS,PAY20250827-2HSSS1,01/06/22 14:19
93,93,345.01,CARD,PENDING,PAY20250827-3KV507,16/09/23 8:07
94,94,846.29,COD,PENDING,PAY20250827-RD46BQ,16/09/24 8:07
95,95,927.43,CARD,SUCCESS,PAY20250827-4JF6I4,21/01/25 11:05
96,96,1866.63,WALLET,FAILED,PAY20250827-Y0IQ38,15/04/23 1:37
97,97,627.08,CARD,SUCCESS,PAY20250827-66Q7UD,07/02/23 1:02
98,98,427.82,UPI,SUCCESS,PAY20250827-9FU8NT,26/05/23 7:16
99,99,1325.1,CARD,SUCCESS,PAY20250827-MVK8I9,09/12/23 4:57
100,100,858.67,UPI,SUCCESS,PAY20250827-9YZABP,26/10/24 6:58
101,101,1264.88,CARD,SUCCESS,PAY20250827-6IHEV0,12/12/24 18:05
102,102,1789.15,COD,SUCCESS,PAY20250827-NX899W,22/09/23 6:26
103,103,431.92,UPI,SUCCESS,PAY20250827-V2FSUU,29/07/23 21:18
104,104,437.01,CARD,SUCCESS,PAY20250827-14VPRB,19/10/23 14:22
105,105,1057.25,UPI,SUCCESS,PAY20250827-PLS7IF,27/07/24 8:14
106,106,621.63,UPI,SUCCESS,PAY20250827-KBBS0G,15/09/22 19:47
107,107,1522.15,UPI,SUCCESS,PAY20250827-HDY9MJ,07/12/23 1:41
108,108,184.9,UPI,SUCCESS,PAY20250827-NYJD7U,18/04/22 8:42
109,109,264.44,UPI,SUCCESS,PAY20250827-22C2IH,22/01/24 9:09
110,110,491.92,COD,SUCCESS,PAY20250827-5WF5ZE,09/09/22 8:34
111,111,2114.21,CARD,PENDING,PAY20250827-LH0EMU,11/05/22 19:39
112,112,914.12,CARD,SUCCESS,PAY20250827-BKEWQN,20/08/24 9:56
113,113,1213.93,WALLET,SUCCESS,PAY20250827-R0HQML,04/03/24 13:17
114,114,1063.36,WALLET,SUCCESS,PAY20250827-WYJCMB,13/02/25 6:15
115,115,1327.15,CARD,FAILED,PAY20250827-RNJRZ6,20/04/23 15:29
116,116,930.02,CARD,PENDING,PAY20250827-ZMCYIB,15/10/23 15:35
117,117,1040.33,UPI,SUCCESS,PAY20250827-6POVJA,25/03/22 17:41
118,118,150.22,UPI,SUCCESS,PAY20250827-UUIDZ4,28/03/25 13:30
119,119,1662.86,COD,SUCCESS,PAY20250827-LON6E9,21/05/23 9:29
120,120,1401.29,COD,SUCCESS,PAY20250827-1R9BNI,14/01/23 9:22
121,121,1633.79,UPI,SUCCESS,PAY20250827-L5YC6G,01/08/25 6:06
122,122,1099.44,COD,SUCCESS,PAY20250827-EKTHN4,25/06/23 8:59
123,123,191.34,WALLET,SUCCESS,PAY20250827-EYEFA6,18/08/24 5:59
124,124,599.49,UPI,SUCCESS,PAY20250827-BH8YYR,15/07/23 8:30
125,125,1956.18,WALLET,SUCCESS,PAY20250827-KTZ0EJ,13/12/24 20:33
126,126,1022.79,UPI,SUCCESS,PAY20250827-XDWB78,13/07/25 14:39
127,127,694.56,COD,SUCCESS,PAY20250827-T5H6MA,06/02/22 7:20
128,128,1075.3,CARD,SUCCESS,PAY20250827-9P2K73,07/07/22 16:31
129,129,1630.52,COD,SUCCESS,PAY20250827-37HJ8S,24/10/24 5:19
130,130,1454.39,WALLET,PENDING,PAY20250827-OFR67F,15/11/23 5:15
131,131,1661.06,UPI,PENDING,PAY20250827-JMEKV4,28/08/22 9:01
132,132,1310.76,CARD,FAILED,PAY20250827-ZGYD8P,11/11/23 10:43
133,133,774.12,CARD,PENDING,PAY20250827-SFH5NF,10/11/23 8:39
134,134,1025.31,CARD,SUCCESS,PAY20250827-PS4A7H,26/01/25 11:00
135,135,1244.31,CARD,SUCCESS,PAY20250827-7GMD39,04/06/24 9:18
136,136,1728.27,WALLET,SUCCESS,PAY20250827-4JGA7I,29/05/25 18:21
137,137,405.63,UPI,SUCCESS,PAY20250827-QRAIML,05/10/23 10:57
138,138,1136.84,CARD,PENDING,PAY20250827-XUQUIU,23/04/22 22:25
139,139,1220.07,CARD,SUCCESS,PAY20250827-4QEKZ0,03/07/22 22:23
140,140,2051.13,UPI,SUCCESS,PAY20250827-K2LT3E,17/08/23 8:17
141,141,1837.68,WALLET,SUCCESS,PAY20250827-RPD7NH,27/07/23 18:31
142,142,2091.51,WALLET,SUCCESS,PAY20250827-5HP1JF,12/08/23 7:39
143,143,1618.44,WALLET,SUCCESS,PAY20250827-6P1D2O,05/01/23 19:34
144,144,1575.62,CARD,SUCCESS,PAY20250827-W3TVCK,13/06/25 6:02
145,145,661.11,UPI,PENDING,PAY20250827-UH45YK,25/05/24 1:05
146,146,2249.58,UPI,SUCCESS,PAY20250827-DSMNL3,11/11/23 0:12
147,147,1059.38,CARD,FAILED,PAY20250827-3UC5GJ,02/03/23 8:41
148,148,309,UPI,SUCCESS,PAY20250827-GXTP68,29/10/22 8:21
149,149,1481.25,CARD,PENDING,PAY20250827-819Q4I,22/05/24 16:21
150,150,743.46,COD,SUCCESS,PAY20250827-LV96GT,29/04/22 5:24
151,151,1792.67,CARD,SUCCESS,PAY20250827-OAPNA5,25/03/24 23:18
152,152,2023.22,UPI,SUCCESS,PAY20250827-N95E4A,07/02/22 18:02
153,153,1520.05,COD,SUCCESS,PAY20250827-FD92XM,16/12/24 10:21
154,154,512.02,WALLET,SUCCESS,PAY20250827-Z7XX72,15/03/22 15:45
155,155,208.11,CARD,SUCCESS,PAY20250827-HHYGL0,05/12/24 19:45
156,156,406.39,UPI,SUCCESS,PAY20250827-50SDIE,31/03/22 21:19
157,157,1801.89,CARD,SUCCESS,PAY20250827-MADBP4,08/10/23 20:21
158,158,1572.77,UPI,SUCCESS,PAY20250827-RSDDXR,24/07/25 4:04
159,159,237.14,WALLET,PENDING,PAY20250827-YAR6MQ,31/12/23 13:36
160,160,2188.09,COD,SUCCESS,PAY20250827-6U9BQT,05/04/23 18:52
161,161,1203.06,WALLET,SUCCESS,PAY20250827-ZZ1I6F,26/08/24 6:21
162,162,1223.06,COD,SUCCESS,PAY20250827-SNM2GU,24/07/25 15:14
163,163,1814.65,UPI,SUCCESS,PAY20250827-LCN7TB,29/01/22 22:30
164,164,1547.98,UPI,SUCCESS,PAY20250827-B6J6GP,15/12/23 21:54
165,165,761.69,COD,FAILED,PAY20250827-Y4UJJT,25/05/23 4:34
166,166,730.39,UPI,PENDING,PAY20250827-YE21LD,12/08/24 20:05
167,167,2120.02,CARD,SUCCESS,PAY20250827-FC1DYD,13/04/25 16:00
168,168,596.94,COD,SUCCESS,PAY20250827-TZENKK,18/02/22 7:08
169,169,925.45,COD,PENDING,PAY20250827-CPPROI,18/09/24 20:54
170,170,1202.05,COD,SUCCESS,PAY20250827-XU0DOF,08/04/25 18:29
171,171,1213.06,COD,PENDING,PAY20250827-Z2JTR5,24/03/23 0:06
172,172,1535.88,UPI,SUCCESS,PAY20250827-D9HNOU,28/11/22 21:45
173,173,219.37,WALLET,SUCCESS,PAY20250827-SUQ9OM,10/09/24 16:17
174,174,451.53,CARD,SUCCESS,PAY20250827-X3CKCH,05/05/23 23:36
175,175,683.46,WALLET,SUCCESS,PAY20250827-NFLPEC,11/02/25 1:44
176,176,816.02,COD,SUCCESS,PAY20250827-G3QZM3,19/09/23 2:01
177,177,1926.62,CARD,PENDING,PAY20250827-WLAYPW,24/10/22 3:49
178,178,594.14,WALLET,SUCCESS,PAY20250827-URMZ7C,14/04/23 9:48
179,179,831.24,CARD,SUCCESS,PAY20250827-RB1HQA,27/08/23 4:05
180,180,586.77,CARD,SUCCESS,PAY20250827-0HLMDM,30/05/25 8:38
181,181,469.02,COD,SUCCESS,PAY20250827-J57K0Z,01/07/22 9:41
182,182,945.65,WALLET,FAILED,PAY20250827-KS8ENW,14/05/23 16:53
183,183,866.62,WALLET,SUCCESS,PAY20250827-NS3BPW,05/07/22 17:33
184,184,519.13,CARD,SUCCESS,PAY20250827-BZIT4M,15/01/23 10:14
185,185,479.29,UPI,FAILED,PAY20250827-JEFTG2,23/10/23 13:35
186,186,2374.2,COD,SUCCESS,PAY20250827-CR2H1A,13/03/24 23:24
187,187,658.48,UPI,PENDING,PAY20250827-GUXNCD,06/12/24 14:08
188,188,1545.62,UPI,PENDING,PAY20250827-GGHMUG,09/03/22 8:50
189,189,336.31,COD,SUCCESS,PAY20250827-PV3JB7,09/04/22 16:12
190,190,834.78,WALLET,FAILED,PAY20250827-EO8APC,23/02/25 4:37
191,191,301.9,CARD,SUCCESS,PAY20250827-RRFS2E,14/02/24 6:08
192,192,299,CARD,SUCCESS,PAY20250827-EDIIBG,16/12/23 5:37
193,193,856.73,UPI,SUCCESS,PAY20250827-M329EH,11/03/25 23:16
194,194,1802.35,UPI,SUCCESS,PAY20250827-R1UEPP,04/03/25 0:12
195,195,1693.12,COD,SUCCESS,PAY20250827-RGEBUF,26/10/23 1:56
196,196,260.21,CARD,SUCCESS,PAY20250827-Q356PE,24/12/23 16:55
197,197,582.49,COD,PENDING,PAY20250827-68PH0Q,11/05/25 14:56
198,198,543.32,COD,FAILED,PAY20250827-I70EIM,06/01/24 13:12
199,199,811,WALLET,SUCCESS,PAY20250827-5AJ7GS,20/05/23 11:41
200,200,1601.07,CARD,SUCCESS,PAY20250827-KZHVVP,21/04/23 12:42
201,201,1539.59,WALLET,SUCCESS,PAY20250827-6P7J9S,27/09/22 10:16
202,202,1989.48,WALLET,PENDING,PAY20250827-AZPCJH,19/07/22 16:22
203,203,2129.17,UPI,SUCCESS,PAY20250827-Z5XEBF,07/04/23 2:35
204,204,1078.7,WALLET,PENDING,PAY20250827-2TZ084,25/04/24 12:39
205,205,1028.77,CARD,SUCCESS,PAY20250827-9BWMGP,25/09/24 19:23
206,206,1022.46,UPI,SUCCESS,PAY20250827-ISRT06,17/10/24 16:57
207,207,556.42,WALLET,SUCCESS,PAY20250827-K4YDY2,23/07/25 17:59
208,208,801,CARD,SUCCESS,PAY20250827-TTO2DL,29/11/23 15:15
209,209,1959.05,COD,FAILED,PAY20250827-ADG7P8,28/05/22 1:47
210,210,1498.05,CARD,SUCCESS,PAY20250827-7QXBKZ,08/05/23 22:30
211,211,1327.15,UPI,SUCCESS,PAY20250827-2KDH8B,04/04/24 7:50
212,212,991.37,COD,SUCCESS,PAY20250827-X3Y7BA,16/04/24 11:34
213,213,572.34,COD,SUCCESS,PAY20250827-83A4IL,26/08/22 3:53
214,214,1069.06,WALLET,SUCCESS,PAY20250827-8A6ZR4,25/05/25 0:11
215,215,261.16,UPI,SUCCESS,PAY20250827-ULJQC6,04/10/24 14:56
216,216,605.4,UPI,SUCCESS,PAY20250827-SZT7XH,25/07/24 8:27
217,217,1707.68,WALLET,SUCCESS,PAY20250827-1UWGQ4,21/03/23 22:44
218,218,684.91,UPI,PENDING,PAY20250827-LU6N18,12/02/22 21:44
219,219,1324.73,UPI,PENDING,PAY20250827-Q9LHSA,10/06/23 3:34
220,220,1277.63,WALLET,SUCCESS,PAY20250827-ZXCUZN,28/09/23 13:12
221,221,529.05,UPI,SUCCESS,PAY20250827-NUIZXD,22/03/25 14:55
222,222,1858.58,WALLET,PENDING,PAY20250827-90Y4OU,02/05/22 4:06
223,223,331.64,COD,SUCCESS,PAY20250827-MO4KGY,26/06/25 9:10
224,224,479.93,WALLET,FAILED,PAY20250827-LCJIDQ,09/07/24 7:50
225,225,374.75,UPI,SUCCESS,PAY20250827-P9LLRF,27/04/22 14:00
226,226,381.87,UPI,SUCCESS,PAY20250827-Q7D0YN,19/05/23 8:33
227,227,1311.23,UPI,SUCCESS,PAY20250827-69ULIW,10/08/23 8:28
228,228,591.59,WALLET,SUCCESS,PAY20250827-CLR0W7,10/11/23 6:09
229,229,1662.17,WALLET,SUCCESS,PAY20250827-XG7H67,02/11/23 13:02
230,230,884.81,UPI,SUCCESS,PAY20250827-2OSPP9,17/02/24 15:56
231,231,916.33,COD,SUCCESS,PAY20250827-LJ7TAM,16/02/25 22:28
232,232,2047.75,WALLET,FAILED,PAY20250827-AD43SI,19/06/25 16:22
233,233,2261.09,CARD,SUCCESS,PAY20250827-9178C1,11/12/22 6:32
234,234,2263.18,CARD,SUCCESS,PAY20250827-MO0Z5L,22/06/23 4:35
235,235,1980.1,UPI,SUCCESS,PAY20250827-R5DYBB,09/06/24 12:09
236,236,1247.73,WALLET,SUCCESS,PAY20250827-W7GJSC,02/04/24 4:26
237,237,2054.88,CARD,SUCCESS,PAY20250827-C90X4F,29/10/24 8:41
238,238,712.41,WALLET,SUCCESS,PAY20250827-MLA40R,22/01/24 8:46
239,239,524.68,UPI,PENDING,PAY20250827-AGTGV3,17/07/25 11:40
240,240,1784.79,UPI,SUCCESS,PAY20250827-H433N7,17/04/22 22:13
241,241,1811.89,CARD,SUCCESS,PAY20250827-S41HTG,01/10/23 8:40
242,242,764.89,UPI,SUCCESS,PAY20250827-ADUVC1,12/05/23 0:36
243,243,1703.12,WALLET,SUCCESS,PAY20250827-1HUPI2,07/09/23 13:08
244,244,955.05,WALLET,PENDING,PAY20250827-Z5ZBRS,31/01/24 3:27
245,245,1286.74,UPI,SUCCESS,PAY20250827-CGPMST,01/01/24 8:25
246,246,1325.81,UPI,SUCCESS,PAY20250827-F86ILE,24/07/23 15:03
247,247,772.81,UPI,FAILED,PAY20250827-6LORNS,22/07/25 19:14
248,248,991.08,COD,SUCCESS,PAY20250827-0T8Q59,05/03/23 3:19
249,249,647.05,WALLET,SUCCESS,PAY20250827-JFRBF5,05/04/25 2:06
250,250,1481.36,CARD,SUCCESS,PAY20250827-SV48VB,23/08/22 8:23
251,251,1437.92,WALLET,FAILED,PAY20250827-L4779C,06/03/24 15:26
252,252,484.88,CARD,SUCCESS,PAY20250827-5QDQS2,31/01/23 4:09
253,253,168.48,CARD,SUCCESS,PAY20250827-0DILX1,21/01/24 13:09
254,254,1524.41,UPI,SUCCESS,PAY20250827-EDBJW8,14/07/22 5:50
255,255,699.53,UPI,SUCCESS,PAY20250827-VW4AA9,14/01/23 0:23
256,256,934.49,UPI,FAILED,PAY20250827-EIXCDJ,07/01/23 8:36
257,257,1330.88,COD,SUCCESS,PAY20250827-4NPU9W,12/08/23 7:25
258,258,1460.34,UPI,SUCCESS,PAY20250827-KJSTI1,12/01/25 13:27
259,259,305.9,WALLET,SUCCESS,PAY20250827-MPYFN2,21/11/24 13:40
260,260,1520.49,COD,FAILED,PAY20250827-QSKQ7R,03/02/23 12:47
261,261,1693.12,CARD,FAILED,PAY20250827-DBZVXS,15/05/23 17:57
262,262,572.49,WALLET,SUCCESS,PAY20250827-E6TFZ7,18/08/23 23:41
263,263,658.29,UPI,SUCCESS,PAY20250827-741P7V,03/10/23 3:38
264,264,856.66,COD,SUCCESS,PAY20250827-7RCZG9,20/08/22 21:10
265,265,774.39,COD,SUCCESS,PAY20250827-LTFKNN,05/02/24 4:28
266,266,614.87,WALLET,SUCCESS,PAY20250827-BZWRXS,15/09/24 22:49
267,267,1321.46,UPI,SUCCESS,PAY20250827-YNJSCN,28/06/22 8:22
268,268,1213.48,UPI,SUCCESS,PAY20250827-ONC5YR,08/10/24 10:33
269,269,846.66,WALLET,SUCCESS,PAY20250827-42CAWZ,19/04/22 10:45
270,270,306.01,WALLET,SUCCESS,PAY20250827-845ZVI,28/03/23 11:55
271,271,1278.55,UPI,SUCCESS,PAY20250827-RGZS9A,28/04/23 3:45
272,272,1092.58,COD,SUCCESS,PAY20250827-33WYGM,16/03/24 8:38
273,273,1238.06,UPI,SUCCESS,PAY20250827-UG9NCH,28/04/25 23:56
274,274,1272.48,CARD,SUCCESS,PAY20250827-4Z9T4S,14/01/24 10:07
275,275,434.99,CARD,PENDING,PAY20250827-27GMM3,19/03/24 23:05
276,276,1938.31,WALLET,SUCCESS,PAY20250827-KQUZXP,12/04/23 5:27
277,277,911.16,COD,SUCCESS,PAY20250827-FYUJ3Y,12/10/22 22:01
278,278,338.42,UPI,SUCCESS,PAY20250827-5NNSJH,09/01/24 20:21
279,279,146.46,WALLET,SUCCESS,PAY20250827-5WWPPF,10/12/23 2:50
280,280,744.05,CARD,SUCCESS,PAY20250827-TLCRS3,11/06/24 18:11
281,281,542.34,COD,SUCCESS,PAY20250827-MSL9ZB,27/12/22 15:54
282,282,695.15,CARD,SUCCESS,PAY20250827-TE49SN,19/06/24 9:41
283,283,403.35,UPI,SUCCESS,PAY20250827-H8CE2V,22/10/24 10:30
284,284,1734.12,WALLET,SUCCESS,PAY20250827-631VJ6,19/01/24 3:14
285,285,1643.68,CARD,SUCCESS,PAY20250827-BAQD4D,31/05/25 1:35
286,286,269.86,UPI,SUCCESS,PAY20250827-TQOYEY,18/11/24 16:01
287,287,365.56,CARD,SUCCESS,PAY20250827-NQHFQH,23/04/24 12:37
288,288,1324.66,COD,SUCCESS,PAY20250827-PQ401H,11/01/23 11:02
289,289,256.3,WALLET,SUCCESS,PAY20250827-F4SBJS,25/03/23 19:50
290,290,405.63,COD,SUCCESS,PAY20250827-L0W6VG,21/06/22 19:04
291,291,2107.24,UPI,SUCCESS,PAY20250827-1JWNRT,12/06/25 20:47
292,292,2029.97,UPI,SUCCESS,PAY20250827-F1AEMD,27/01/25 8:36
293,293,570.95,CARD,SUCCESS,PAY20250827-GLHHWL,23/04/22 11:50
294,294,760.49,WALLET,SUCCESS,PAY20250827-FK1AWT,28/02/24 16:35
295,295,1720.57,CARD,FAILED,PAY20250827-FQW0A8,09/03/25 20:08
296,296,328.33,WALLET,FAILED,PAY20250827-SUQGRE,10/05/24 14:59
297,297,592.41,CARD,SUCCESS,PAY20250827-BTHO87,10/01/25 2:50
298,298,1048.22,WALLET,SUCCESS,PAY20250827-YSUXAP,28/02/24 21:15
299,299,511.84,COD,FAILED,PAY20250827-5J7NQ8,08/12/23 5:25
300,300,438.88,WALLET,SUCCESS,PAY20250827-OC3UX2,22/06/23 4:56